{
  "initial_balance": 1000,
  "final_balance": 974.8553399134005,
  "total_profit": -25.144660086599515,
  "total_profit_pct": -2.5144660086599515,
  "total_fees": 6.5897168866000015,
  "net_profit": -31.734376973199517,
  "net_profit_pct": -3.1734376973199514,
  "total_trades": 44,
  "buy_count": 22,
  "sell_count": 22,
  "average_fee_per_trade": 0.14976629287727275
}