{
  "initial_balance": 1000,
  "final_balance": 1019.5959731000007,
  "total_profit": 19.59597310000072,
  "total_profit_pct": 1.9595973100000719,
  "total_trades": 805,
  "buy_count": 403,
  "sell_count": 402
}