{
  "initial_balance": 1000,
  "final_balance": 995.6347031738001,
  "total_profit": -4.365296826199938,
  "total_profit_pct": -0.43652968261999375,
  "total_fees": 2.910753126199999,
  "net_profit": -7.276049952399937,
  "net_profit_pct": -0.7276049952399938,
  "total_trades": 58,
  "buy_count": 29,
  "sell_count": 29,
  "average_fee_per_trade": 0.05018539872758619
}