total_trades,profitable_trades,win_rate,total_profit,max_drawdown,final_balance,return
3,0,0.0,-1290.794701426176,-0.12762974511090008,8603.321828543692,-0.13966781714563076
