{
  "initial_balance": 1000,
  "final_balance": 999.3082915483013,
  "total_profit": -0.6917084516986733,
  "total_profit_pct": -0.06917084516986734,
  "total_fees": 20.330602751699978,
  "net_profit": -21.02231120339865,
  "net_profit_pct": -2.102231120339865,
  "total_trades": 805,
  "buy_count": 403,
  "sell_count": 402,
  "average_fee_per_trade": 0.025255407144968916
}