{
  "initial_balance": 1000,
  "final_balance": 1005.4362637,
  "total_profit": 5.4362637000000404,
  "total_profit_pct": 0.5436263700000041,
  "total_trades": 49,
  "buy_count": 25,
  "sell_count": 24
}