{
  "initial_balance": 1000,
  "final_balance": 1003.8600971103998,
  "total_profit": 3.8600971103998063,
  "total_profit_pct": 0.3860097110399806,
  "total_fees": 8.229255289599992,
  "net_profit": -4.369158179200186,
  "net_profit_pct": -0.43691581792001855,
  "total_trades": 82,
  "buy_count": 41,
  "sell_count": 41,
  "average_fee_per_trade": 0.10035677182439015
}